ID_passenger,Age,No of Siblings or Spouses on Board,No of Parents or Children on Board,Passenger Fare,Survived_num,Passenger Class_num,Sex_num,Port of Embarkation_num,Age_Category_num,Fare_Category_num,Deck_num
1,29.0,0,0,211.3375,1,0,0,2,8,2,1
2,0.9167,1,2,151.55,1,0,1,2,2,2,2
3,2.0,1,2,151.55,0,0,0,2,7,2,2
4,30.0,1,2,151.55,0,0,1,2,8,2,2
5,25.0,1,2,151.55,0,0,0,2,8,2,2
6,48.0,0,0,26.55,1,0,1,2,0,4,4
7,63.0,1,0,77.9583,1,0,0,2,3,2,3
8,39.0,0,0,0.0,0,0,1,2,0,1,0
9,53.0,2,0,51.4792,1,0,0,2,3,2,2
10,71.0,0,0,49.5042,0,0,1,0,5,2,8
11,47.0,1,0,227.525,0,0,1,0,0,2,2
12,18.0,1,0,227.525,1,0,0,0,6,2,2
13,24.0,0,0,69.3,1,0,0,0,8,2,1
14,26.0,0,0,78.85,1,0,0,2,8,2,8
15,80.0,0,0,30.0,1,0,1,2,5,4,0
16,,0,0,25.925,0,0,1,2,4,4,8
17,24.0,0,1,247.5208,0,0,1,0,8,2,1
18,50.0,0,1,247.5208,1,0,0,0,0,2,1
19,32.0,0,0,76.2917,1,0,0,0,0,2,3
20,36.0,0,0,75.2417,0,0,1,0,0,2,2
21,37.0,1,1,52.5542,1,0,1,2,0,2,3
22,47.0,1,1,52.5542,1,0,0,2,0,2,3
23,26.0,0,0,30.0,1,0,1,0,8,4,2
24,42.0,0,0,227.525,1,0,0,0,0,2,8
25,29.0,0,0,221.7792,1,0,0,2,8,2,2
26,25.0,0,0,26.0,0,0,1,0,8,4,8
27,25.0,1,0,91.0792,1,0,1,0,8,2,1
28,19.0,1,0,91.0792,1,0,0,0,8,2,1
29,35.0,0,0,135.6333,1,0,0,2,0,2,2
30,28.0,0,0,26.55,1,0,1,2,8,4,2
31,45.0,0,0,35.5,0,0,1,2,0,4,7
32,40.0,0,0,31.0,1,0,1,0,0,4,0
33,30.0,0,0,164.8667,1,0,0,2,8,2,2
34,58.0,0,0,26.55,1,0,0,2,3,4,2
35,42.0,0,0,26.55,0,0,1,2,0,4,3
36,45.0,0,0,262.375,1,0,0,0,0,2,8
37,22.0,0,1,55.0,1,0,0,2,8,2,4
38,,0,0,26.55,1,0,1,2,4,4,8
39,41.0,0,0,30.5,0,0,1,2,0,4,0
40,48.0,0,0,50.4958,0,0,1,0,0,2,1
41,,0,0,39.6,0,0,1,0,4,4,8
42,44.0,0,0,27.7208,1,0,0,0,0,4,1
43,59.0,2,0,51.4792,1,0,0,2,3,2,2
44,60.0,0,0,76.2917,1,0,0,0,3,2,3
45,41.0,0,0,134.5,1,0,0,0,0,2,4
46,45.0,0,0,26.55,0,0,1,2,0,4,1
47,,0,0,31.0,0,0,1,2,4,4,8
48,42.0,0,0,26.2875,1,0,1,2,0,4,4
49,53.0,0,0,27.4458,1,0,0,0,3,4,8
50,36.0,0,1,512.3292,1,0,1,0,0,2,1
51,58.0,0,1,512.3292,1,0,0,0,3,2,1
52,33.0,0,0,5.0,0,0,1,2,0,1,1
53,28.0,0,0,47.1,0,0,1,2,8,2,8
54,17.0,0,0,47.1,0,0,1,2,6,2,8
55,11.0,1,2,120.0,1,0,1,2,1,2,1
56,14.0,1,2,120.0,1,0,0,2,6,2,1
57,36.0,1,2,120.0,1,0,1,2,0,2,1
58,36.0,1,2,120.0,1,0,0,2,0,2,1
59,49.0,0,0,26.0,0,0,1,2,0,4,8
60,,0,0,27.7208,1,0,0,0,4,4,8
61,36.0,1,0,78.85,0,0,1,2,0,2,2
62,76.0,1,0,78.85,1,0,0,2,5,2,2
63,46.0,1,0,61.175,0,0,1,2,0,2,4
64,47.0,1,0,61.175,1,0,0,2,0,2,4
65,27.0,1,0,53.1,1,0,1,2,8,2,4
66,33.0,1,0,53.1,1,0,0,2,0,2,4
67,36.0,0,0,262.375,1,0,0,0,0,2,1
68,30.0,0,0,86.5,1,0,0,2,8,2,1
69,45.0,0,0,29.7,1,0,1,0,0,4,0
70,,0,1,55.0,1,0,0,2,4,2,4
71,,0,0,0.0,0,0,1,2,4,1,8
72,27.0,1,0,136.7792,0,0,1,0,8,2,2
73,26.0,1,0,136.7792,1,0,0,0,8,2,2
74,22.0,0,0,151.55,1,0,0,2,8,2,8
75,,0,0,52.0,0,0,1,2,4,2,0
76,47.0,0,0,25.5875,0,0,1,2,0,4,4
77,39.0,1,1,83.1583,1,0,0,0,0,2,4
78,37.0,1,1,83.1583,0,0,1,0,0,2,4
79,64.0,0,2,83.1583,1,0,0,0,3,2,4
80,55.0,2,0,25.7,1,0,0,2,3,4,2
81,,0,0,26.55,0,0,1,2,4,4,8
82,70.0,1,1,71.0,0,0,1,2,5,2,1
83,36.0,0,2,71.0,1,0,0,2,0,2,1
84,64.0,1,1,26.55,1,0,0,2,3,4,1
85,39.0,1,0,71.2833,0,0,1,0,0,2,2
86,38.0,1,0,71.2833,1,0,0,0,0,2,2
87,51.0,0,0,26.55,1,0,1,2,3,4,4
88,27.0,0,0,30.5,1,0,1,2,8,4,8
89,33.0,0,0,151.55,1,0,0,2,0,2,8
90,31.0,1,0,52.0,0,0,1,2,0,2,1
91,27.0,1,2,52.0,1,0,0,2,8,2,1
92,31.0,1,0,57.0,1,0,1,2,0,2,1
93,17.0,1,0,57.0,1,0,0,2,6,2,1
94,53.0,1,1,81.8583,1,0,1,2,3,2,0
95,4.0,0,2,81.8583,1,0,1,2,7,2,0
96,54.0,1,1,81.8583,1,0,0,2,3,2,0
97,50.0,1,0,106.425,0,0,1,0,0,2,2
98,27.0,1,1,247.5208,1,0,0,0,8,2,1
99,48.0,1,0,106.425,1,0,0,0,0,2,2
100,48.0,1,0,39.6,1,0,0,0,0,4,0
101,49.0,1,0,56.9292,1,0,1,0,0,2,0
102,39.0,0,0,29.7,0,0,1,0,0,4,0
103,23.0,0,1,83.1583,1,0,0,0,8,2,2
104,38.0,0,0,227.525,1,0,0,0,0,2,2
105,54.0,1,0,78.2667,1,0,0,0,3,2,3
106,36.0,0,0,31.6792,0,0,0,0,0,4,0
107,,0,0,221.7792,0,0,1,2,4,2,2
108,,0,0,31.6833,1,0,0,2,4,4,8
109,,0,0,110.8833,1,0,0,0,4,2,8
110,36.0,0,0,26.3875,1,0,1,2,0,4,4
111,30.0,0,0,27.75,0,0,1,0,8,4,2
112,24.0,3,2,263.0,1,0,0,2,8,2,2
113,28.0,3,2,263.0,1,0,0,2,8,2,2
114,23.0,3,2,263.0,1,0,0,2,8,2,2
115,19.0,3,2,263.0,0,0,1,2,8,2,2
116,64.0,1,4,263.0,0,0,1,2,3,2,2
117,60.0,1,4,263.0,1,0,0,2,3,2,2
118,30.0,0,0,56.9292,1,0,0,0,8,2,4
119,,0,0,26.55,0,0,1,2,4,4,3
120,50.0,2,0,133.65,1,0,1,2,0,2,8
121,43.0,1,0,27.7208,1,0,1,0,0,4,3
122,,1,0,133.65,1,0,0,2,4,2,8
123,22.0,0,2,49.5,1,0,0,0,8,2,1
124,60.0,1,1,79.2,1,0,1,0,3,2,1
125,48.0,1,1,79.2,1,0,0,0,0,2,1
126,,0,0,0.0,0,0,1,2,4,1,1
127,37.0,1,0,53.1,0,0,1,2,0,2,2
128,35.0,1,0,53.1,1,0,0,2,0,2,2
129,47.0,0,0,38.5,0,0,1,2,0,4,4
130,35.0,0,0,211.5,1,0,0,0,0,2,2
131,22.0,0,1,59.4,1,0,0,0,8,2,8
132,45.0,0,1,59.4,1,0,0,0,0,2,8
133,24.0,0,0,79.2,0,0,1,0,8,2,1
134,49.0,1,0,89.1042,1,0,1,0,0,2,2
135,,1,0,89.1042,1,0,0,0,4,2,2
136,71.0,0,0,34.6542,0,0,1,0,5,4,0
137,53.0,0,0,28.5,1,0,1,0,3,4,2
138,19.0,0,0,30.0,1,0,0,2,8,4,1
139,38.0,0,1,153.4625,0,0,1,2,0,2,2
140,58.0,0,1,153.4625,1,0,0,2,3,2,2
141,23.0,0,1,63.3583,1,0,1,0,8,2,3
142,45.0,0,1,63.3583,1,0,0,0,0,2,3
143,46.0,0,0,79.2,0,0,1,0,0,2,1
144,25.0,1,0,55.4417,1,0,1,0,8,2,4
145,25.0,1,0,55.4417,1,0,0,0,8,2,4
146,48.0,1,0,76.7292,1,0,1,0,0,2,3
147,49.0,1,0,76.7292,1,0,0,0,0,2,3
148,,0,0,42.4,0,0,1,2,4,2,8
149,45.0,1,0,83.475,0,0,1,2,0,2,2
150,35.0,1,0,83.475,1,0,0,2,0,2,2
151,40.0,0,0,0.0,0,0,1,2,0,1,1
152,27.0,0,0,76.7292,1,0,1,0,8,2,3
153,,0,0,30.0,1,0,1,2,4,4,3
154,24.0,0,0,83.1583,1,0,0,0,8,2,2
155,55.0,1,1,93.5,0,0,1,2,3,2,1
156,52.0,1,1,93.5,1,0,0,2,3,2,1
157,42.0,0,0,42.5,0,0,1,2,0,2,1
158,,0,0,51.8625,0,0,1,2,4,2,4
159,55.0,0,0,50.0,0,0,1,2,3,2,2
160,16.0,0,1,57.9792,1,0,0,0,6,2,1
161,44.0,0,1,57.9792,1,0,0,0,0,2,1
162,51.0,1,0,77.9583,1,0,0,2,3,2,3
163,42.0,1,0,52.0,0,0,1,2,0,2,8
164,35.0,1,0,52.0,1,0,0,2,0,2,8
165,35.0,0,0,26.55,1,0,1,0,0,4,8
166,38.0,1,0,90.0,1,0,1,2,0,2,2
167,,0,0,30.6958,0,0,1,0,4,4,8
168,35.0,1,0,90.0,1,0,0,2,0,2,2
169,38.0,0,0,80.0,1,0,0,3,0,2,1
170,50.0,0,0,28.7125,0,0,0,0,0,4,2
171,49.0,0,0,0.0,1,0,1,2,0,1,1
172,46.0,0,0,26.0,0,0,1,2,0,4,8
173,50.0,0,0,26.0,0,0,1,2,0,4,4
174,32.5,0,0,211.5,0,0,1,0,0,2,2
175,58.0,0,0,29.7,0,0,1,0,3,4,1
176,41.0,1,0,51.8625,0,0,1,2,0,2,3
177,,1,0,51.8625,1,0,0,2,4,2,3
178,42.0,1,0,52.5542,1,0,1,2,0,2,3
179,45.0,1,0,52.5542,1,0,0,2,0,2,3
180,,0,0,26.55,0,0,1,2,4,4,2
181,39.0,0,0,211.3375,1,0,0,2,0,2,8
182,49.0,0,0,25.9292,1,0,0,2,0,4,3
183,30.0,0,0,106.425,1,0,0,0,8,2,8
184,35.0,0,0,512.3292,1,0,1,0,0,2,1
185,,0,0,27.7208,0,0,1,0,4,4,8
186,42.0,0,0,26.55,0,0,1,2,0,4,8
187,55.0,0,0,27.7208,1,0,0,0,3,4,8
188,16.0,0,1,39.4,1,0,0,2,6,4,3
189,51.0,0,1,39.4,1,0,0,2,3,4,3
190,29.0,0,0,30.0,0,0,1,2,8,4,3
191,21.0,0,0,77.9583,1,0,0,2,8,2,3
192,30.0,0,0,45.5,0,0,1,2,8,2,8
193,58.0,0,0,146.5208,1,0,0,0,3,2,1
194,15.0,0,1,211.3375,1,0,0,2,6,2,1
195,30.0,0,0,26.0,0,0,1,2,8,4,2
196,16.0,0,0,86.5,1,0,0,2,6,2,1
197,,0,0,29.7,1,0,1,0,4,4,2
198,19.0,1,0,53.1,0,0,1,2,8,2,3
199,18.0,1,0,53.1,1,0,0,2,6,2,3
200,24.0,0,0,49.5042,1,0,0,0,8,2,2
201,46.0,0,0,75.2417,0,0,1,0,0,2,2
202,54.0,0,0,51.8625,0,0,1,2,3,2,4
203,36.0,0,0,26.2875,1,0,1,2,0,4,4
204,28.0,1,0,82.1708,0,0,1,0,8,2,8
205,,1,0,82.1708,1,0,0,0,4,2,8
206,65.0,0,0,26.55,0,0,1,2,3,4,4
207,44.0,2,0,90.0,0,0,1,1,0,2,2
208,33.0,1,0,90.0,1,0,0,1,0,2,2
209,37.0,1,0,90.0,1,0,0,1,0,2,2
210,30.0,1,0,57.75,1,0,1,0,8,2,2
211,55.0,0,0,30.5,0,0,1,2,3,4,2
212,47.0,0,0,42.4,0,0,1,2,0,2,8
213,37.0,0,1,29.7,0,0,1,0,0,4,2
214,31.0,1,0,113.275,1,0,0,0,0,2,3
215,23.0,1,0,113.275,1,0,0,0,8,2,3
216,58.0,0,2,113.275,0,0,1,0,3,2,3
217,19.0,0,2,26.2833,1,0,0,2,8,4,3
218,64.0,0,0,26.0,0,0,1,2,3,4,8
219,39.0,0,0,108.9,1,0,0,0,0,2,2
220,,0,0,25.7417,1,0,1,0,4,4,8
221,22.0,0,1,61.9792,1,0,0,0,8,2,1
222,65.0,0,1,61.9792,0,0,1,0,3,2,1
223,28.5,0,0,27.7208,0,0,1,0,8,4,3
224,,0,0,0.0,0,0,1,2,4,1,8
225,45.5,0,0,28.5,0,0,1,2,0,4,2
226,23.0,0,0,93.5,0,0,1,2,8,2,1
227,29.0,1,0,66.6,0,0,1,2,8,2,2
228,22.0,1,0,66.6,1,0,0,2,8,2,2
229,18.0,1,0,108.9,0,0,1,0,6,2,2
230,17.0,1,0,108.9,1,0,0,0,6,2,2
231,30.0,0,0,93.5,1,0,0,2,8,2,1
232,52.0,0,0,30.5,1,0,1,2,3,4,2
233,47.0,0,0,52.0,0,0,1,2,0,2,2
234,56.0,0,1,83.1583,1,0,0,0,3,2,2
235,38.0,0,0,0.0,0,0,1,2,0,1,8
236,,0,0,39.6,1,0,1,2,4,4,8
237,22.0,0,0,135.6333,0,0,1,0,8,2,8
238,,0,0,227.525,0,0,1,0,4,2,8
239,43.0,0,1,211.3375,1,0,0,2,0,2,1
240,31.0,0,0,50.4958,0,0,1,2,0,2,0
241,45.0,0,0,26.55,1,0,1,2,0,4,8
242,,0,0,50.0,0,0,1,2,4,2,0
243,33.0,0,0,27.7208,1,0,0,0,0,4,0
244,46.0,0,0,79.2,0,0,1,0,0,2,8
245,36.0,0,0,40.125,0,0,1,0,0,4,0
246,33.0,0,0,86.5,1,0,0,2,0,2,1
247,55.0,1,0,59.4,0,0,1,0,3,2,8
248,54.0,1,0,59.4,1,0,0,0,3,2,8
249,33.0,0,0,26.55,0,0,1,2,0,4,8
250,13.0,2,2,262.375,1,0,1,0,6,2,1
251,18.0,2,2,262.375,1,0,0,0,6,2,1
252,21.0,2,2,262.375,1,0,0,0,8,2,1
253,61.0,1,3,262.375,0,0,1,0,3,2,1
254,48.0,1,3,262.375,1,0,0,0,0,2,1
255,,0,0,30.5,1,0,1,2,4,4,2
256,24.0,0,0,69.3,1,0,0,0,8,2,1
257,,0,0,26.0,1,0,1,2,4,4,8
258,35.0,1,0,57.75,1,0,0,0,0,2,2
259,30.0,0,0,31.0,1,0,0,0,8,4,8
260,34.0,0,0,26.55,1,0,1,2,0,4,8
261,40.0,0,0,153.4625,1,0,0,2,0,2,2
262,35.0,0,0,26.2875,1,0,1,2,0,4,4
263,50.0,1,0,55.9,0,0,1,2,0,2,4
264,39.0,1,0,55.9,1,0,0,2,0,2,4
265,56.0,0,0,35.5,1,0,1,0,3,4,0
266,28.0,0,0,35.5,1,0,1,2,8,4,0
267,56.0,0,0,26.55,0,0,1,2,3,4,8
268,56.0,0,0,30.6958,0,0,1,0,3,4,0
269,24.0,1,0,60.0,0,0,1,2,8,2,2
270,,0,0,26.0,0,0,1,2,4,4,0
271,18.0,1,0,60.0,1,0,0,2,6,2,2
272,24.0,1,0,82.2667,1,0,1,2,8,2,1
273,23.0,1,0,82.2667,1,0,0,2,8,2,1
274,6.0,0,2,134.5,1,0,1,0,1,2,4
275,45.0,1,1,134.5,1,0,1,0,0,2,4
276,40.0,1,1,134.5,1,0,0,0,0,2,4
277,57.0,1,0,146.5208,0,0,1,0,3,2,1
278,,1,0,146.5208,1,0,0,0,4,2,1
279,32.0,0,0,30.5,1,0,1,0,0,4,1
280,62.0,0,0,26.55,0,0,1,2,3,4,2
281,54.0,1,0,55.4417,1,0,1,0,3,2,2
282,43.0,1,0,55.4417,1,0,0,0,0,2,2
283,52.0,1,0,78.2667,1,0,0,0,3,2,3
284,,0,0,27.7208,0,0,1,0,4,4,8
285,62.0,0,0,80.0,1,0,0,3,3,2,1
286,67.0,1,0,221.7792,0,0,1,2,5,2,2
287,63.0,1,0,221.7792,0,0,0,2,3,2,2
288,61.0,0,0,32.3208,0,0,1,2,3,4,3
289,48.0,0,0,25.9292,1,0,0,2,0,4,3
290,18.0,0,2,79.65,1,0,0,2,6,2,4
291,52.0,1,1,79.65,0,0,1,2,3,2,4
292,39.0,1,1,79.65,1,0,0,2,0,2,4
293,48.0,1,0,52.0,1,0,1,2,0,2,2
294,,1,0,52.0,1,0,0,2,4,2,2
295,49.0,1,1,110.8833,0,0,1,0,0,2,2
296,17.0,0,2,110.8833,1,0,1,0,6,2,2
297,39.0,1,1,110.8833,1,0,0,0,0,2,2
298,,0,0,79.2,1,0,0,0,4,2,8
299,31.0,0,0,28.5375,1,0,1,0,0,4,2
300,40.0,0,0,27.7208,0,0,1,0,0,4,8
301,61.0,0,0,33.5,0,0,1,2,3,4,1
302,47.0,0,0,34.0208,0,0,1,2,0,4,3
303,35.0,0,0,512.3292,1,0,0,0,0,2,8
304,64.0,1,0,75.25,0,0,1,0,3,2,3
305,60.0,1,0,75.25,1,0,0,0,3,2,3
306,60.0,0,0,26.55,0,0,1,2,3,4,8
307,54.0,0,1,77.2875,0,0,1,2,3,2,3
308,21.0,0,1,77.2875,0,0,1,2,8,2,3
309,55.0,0,0,135.6333,1,0,0,0,3,2,2
310,31.0,0,2,164.8667,1,0,0,2,0,2,2
311,57.0,1,1,164.8667,0,0,1,2,3,2,8
312,45.0,1,1,164.8667,1,0,0,2,0,2,8
313,50.0,1,1,211.5,0,0,1,0,0,2,2
314,27.0,0,2,211.5,0,0,1,0,8,2,2
315,50.0,1,1,211.5,1,0,0,0,0,2,2
316,21.0,0,0,26.55,1,0,0,2,8,4,8
317,51.0,0,1,61.3792,0,0,1,0,3,2,8
318,21.0,0,1,61.3792,1,0,1,0,8,2,8
319,,0,0,35.0,0,0,1,2,4,4,2
320,31.0,0,0,134.5,1,0,0,0,0,2,4
321,,0,0,35.5,1,0,1,2,4,4,2
322,62.0,0,0,26.55,0,0,1,2,3,4,8
323,36.0,0,0,135.6333,1,0,0,0,0,2,2
324,30.0,1,0,24.0,0,1,1,0,8,4,8
325,28.0,1,0,24.0,1,1,0,0,8,4,8
326,30.0,0,0,13.0,0,1,1,2,8,5,8
327,18.0,0,0,11.5,0,1,1,2,6,5,8
328,25.0,0,0,10.5,0,1,1,2,8,0,8
329,34.0,1,0,26.0,0,1,1,2,0,4,8
330,36.0,1,0,26.0,1,1,0,2,0,4,8
331,57.0,0,0,13.0,0,1,1,2,3,5,8
332,18.0,0,0,11.5,0,1,1,2,6,5,8
333,23.0,0,0,10.5,0,1,1,2,8,0,8
334,36.0,0,0,13.0,1,1,0,2,0,5,3
335,28.0,0,0,10.5,0,1,1,2,8,0,8
336,51.0,0,0,12.525,0,1,1,2,3,5,8
337,32.0,1,0,26.0,1,1,1,2,0,4,8
338,19.0,1,0,26.0,1,1,0,2,8,4,8
339,28.0,0,0,26.0,0,1,1,2,8,4,8
340,1.0,2,1,39.0,1,1,1,2,2,4,5
341,4.0,2,1,39.0,1,1,0,2,7,4,5
342,12.0,2,1,39.0,1,1,0,2,1,4,5
343,36.0,0,3,39.0,1,1,0,2,0,4,5
344,34.0,0,0,13.0,1,1,1,2,0,5,3
345,19.0,0,0,13.0,1,1,0,2,8,5,8
346,23.0,0,0,13.0,0,1,1,2,8,5,8
347,26.0,0,0,13.0,0,1,1,2,8,5,8
348,42.0,0,0,13.0,0,1,1,2,0,5,8
349,27.0,0,0,13.0,0,1,1,2,8,5,8
350,24.0,0,0,13.0,1,1,0,2,8,5,5
351,15.0,0,2,39.0,1,1,0,2,6,4,8
352,60.0,1,1,39.0,0,1,1,2,3,4,8
353,40.0,1,1,39.0,1,1,0,2,0,4,8
354,20.0,1,0,26.0,1,1,0,2,8,4,8
355,25.0,1,0,26.0,0,1,1,2,8,4,8
356,36.0,0,0,13.0,1,1,0,2,0,5,8
357,25.0,0,0,13.0,0,1,1,2,8,5,8
358,42.0,0,0,13.0,0,1,1,2,0,5,8
359,42.0,0,0,13.0,1,1,0,2,0,5,8
360,0.8333,0,2,29.0,1,1,1,2,2,4,8
361,26.0,1,1,29.0,1,1,1,2,8,4,8
362,22.0,1,1,29.0,1,1,0,2,8,4,8
363,35.0,0,0,21.0,1,1,0,2,0,5,8
364,,0,0,0.0,0,1,1,2,4,1,8
365,19.0,0,0,13.0,0,1,1,2,8,5,8
366,44.0,1,0,26.0,0,1,0,2,0,4,8
367,54.0,1,0,26.0,0,1,1,2,3,4,8
368,52.0,0,0,13.5,0,1,1,2,3,5,8
369,37.0,1,0,26.0,0,1,1,2,0,4,8
370,29.0,1,0,26.0,0,1,0,2,8,4,8
371,25.0,1,1,30.0,1,1,0,2,8,4,8
372,45.0,0,2,30.0,1,1,0,2,0,4,8
373,29.0,1,0,26.0,0,1,1,2,8,4,8
374,28.0,1,0,26.0,1,1,0,2,8,4,8
375,29.0,0,0,10.5,0,1,1,2,8,0,8
376,28.0,0,0,13.0,0,1,1,2,8,5,8
377,24.0,0,0,10.5,1,1,1,2,8,0,8
378,8.0,0,2,26.25,1,1,0,2,1,4,8
379,31.0,1,1,26.25,0,1,1,2,0,4,8
380,31.0,1,1,26.25,1,1,0,2,0,4,8
381,22.0,0,0,10.5,1,1,0,2,8,0,5
382,30.0,0,0,13.0,0,1,0,2,8,5,8
383,,0,0,21.0,0,1,0,2,4,5,8
384,21.0,0,0,11.5,0,1,1,2,8,5,8
385,,0,0,0.0,0,1,1,2,4,1,8
386,8.0,1,1,36.75,1,1,1,2,1,4,8
387,18.0,0,0,73.5,0,1,1,2,6,2,8
388,48.0,0,2,36.75,1,1,0,2,0,4,8
389,28.0,0,0,13.0,1,1,0,2,8,5,8
390,32.0,0,0,13.0,0,1,1,2,0,5,8
391,17.0,0,0,73.5,0,1,1,2,6,2,8
392,29.0,1,0,27.7208,0,1,1,0,8,4,8
393,24.0,1,0,27.7208,1,1,0,0,8,4,8
394,25.0,0,0,31.5,0,1,1,2,8,4,8
395,18.0,0,0,73.5,0,1,1,2,6,2,8
396,18.0,0,1,23.0,1,1,0,2,6,4,8
397,34.0,0,1,23.0,1,1,0,2,0,4,8
398,54.0,0,0,26.0,0,1,1,2,3,4,8
399,8.0,0,2,32.5,1,1,1,2,1,4,8
400,42.0,1,1,32.5,0,1,1,2,0,4,8
401,34.0,1,1,32.5,1,1,0,2,0,4,8
402,27.0,1,0,13.8583,1,1,0,0,8,5,8
403,30.0,1,0,13.8583,1,1,0,0,8,5,8
404,23.0,0,0,13.0,0,1,1,2,8,5,8
405,21.0,0,0,13.0,0,1,1,2,8,5,8
406,18.0,0,0,13.0,0,1,1,2,6,5,8
407,40.0,1,0,26.0,0,1,1,2,0,4,8
408,29.0,1,0,26.0,1,1,0,2,8,4,8
409,18.0,0,0,10.5,0,1,1,2,6,0,8
410,36.0,0,0,13.0,0,1,1,2,0,5,8
411,,0,0,0.0,0,1,1,2,4,1,8
412,38.0,0,0,13.0,0,1,0,2,0,5,8
413,35.0,0,0,26.0,0,1,1,2,0,4,8
414,38.0,1,0,21.0,0,1,1,2,0,5,8
415,34.0,1,0,21.0,0,1,1,2,0,5,8
416,34.0,0,0,13.0,1,1,0,2,0,5,8
417,16.0,0,0,26.0,0,1,1,2,6,4,8
418,26.0,0,0,10.5,0,1,1,2,8,0,8
419,47.0,0,0,10.5,0,1,1,2,0,0,8
420,21.0,1,0,11.5,0,1,1,2,8,5,8
421,21.0,1,0,11.5,0,1,1,2,8,5,8
422,24.0,0,0,13.5,0,1,1,2,8,5,8
423,24.0,0,0,13.0,0,1,1,2,8,5,8
424,34.0,0,0,13.0,0,1,1,2,0,5,8
425,30.0,0,0,13.0,0,1,1,2,8,5,8
426,52.0,0,0,13.0,0,1,1,2,3,5,8
427,30.0,0,0,13.0,0,1,1,2,8,5,8
428,0.6667,1,1,14.5,1,1,1,2,2,5,8
429,24.0,0,2,14.5,1,1,0,2,8,5,8
430,44.0,0,0,13.0,0,1,1,2,0,5,8
431,6.0,0,1,33.0,1,1,0,2,1,4,8
432,28.0,0,1,33.0,0,1,1,2,8,4,8
433,62.0,0,0,10.5,1,1,1,2,3,0,8
434,30.0,0,0,10.5,0,1,1,2,8,0,8
435,7.0,0,2,26.25,1,1,0,2,1,4,8
436,43.0,1,1,26.25,0,1,1,2,0,4,8
437,45.0,1,1,26.25,1,1,0,2,0,4,8
438,24.0,1,2,65.0,1,1,0,2,8,2,8
439,24.0,1,2,65.0,1,1,0,2,8,2,8
440,49.0,1,2,65.0,0,1,1,2,0,2,8
441,48.0,1,2,65.0,1,1,0,2,0,2,8
442,55.0,0,0,16.0,1,1,0,2,3,5,8
443,24.0,2,0,73.5,0,1,1,2,8,2,8
444,32.0,2,0,73.5,0,1,1,2,0,2,8
445,21.0,2,0,73.5,0,1,1,2,8,2,8
446,18.0,1,1,13.0,0,1,0,2,6,5,8
447,20.0,2,1,23.0,1,1,0,2,8,4,8
448,23.0,2,1,11.5,0,1,1,2,8,5,8
449,36.0,0,0,13.0,0,1,1,2,0,5,8
450,54.0,1,3,23.0,1,1,0,2,3,4,8
451,50.0,0,0,13.0,0,1,1,2,0,5,8
452,44.0,1,0,26.0,0,1,1,2,0,4,8
453,29.0,1,0,26.0,1,1,0,2,8,4,8
454,21.0,0,0,73.5,0,1,1,2,8,2,8
455,42.0,0,0,13.0,1,1,1,2,0,5,8
456,63.0,1,0,26.0,0,1,1,2,3,4,8
457,60.0,1,0,26.0,0,1,0,2,3,4,8
458,33.0,0,0,12.275,0,1,1,2,0,5,8
459,17.0,0,0,10.5,1,1,0,2,6,0,8
460,42.0,1,0,27.0,0,1,1,2,0,4,8
461,24.0,2,1,27.0,1,1,0,2,8,4,8
462,47.0,0,0,15.0,0,1,1,2,0,5,8
463,24.0,2,0,31.5,0,1,1,2,8,4,8
464,22.0,2,0,31.5,0,1,1,2,8,4,8
465,32.0,0,0,10.5,0,1,1,2,0,0,8
466,23.0,0,0,13.7917,1,1,0,0,8,5,3
467,34.0,1,0,26.0,0,1,1,2,0,4,8
468,24.0,1,0,26.0,1,1,0,2,8,4,8
469,22.0,0,0,21.0,0,1,0,2,8,5,8
470,,0,0,12.35,1,1,0,1,4,5,4
471,35.0,0,0,12.35,0,1,1,1,0,5,8
472,45.0,0,0,13.5,1,1,0,2,0,5,8
473,57.0,0,0,12.35,0,1,1,1,3,5,8
474,,0,0,0.0,0,1,1,2,4,1,8
475,31.0,0,0,10.5,0,1,1,2,0,0,8
476,26.0,1,1,26.0,0,1,0,2,8,4,8
477,30.0,1,1,26.0,0,1,1,2,8,4,8
478,,0,0,10.7083,0,1,1,1,4,5,8
479,1.0,1,2,41.5792,1,1,0,0,2,2,8
480,3.0,1,2,41.5792,1,1,0,0,7,2,8
481,25.0,1,2,41.5792,0,1,1,0,8,2,8
482,22.0,1,2,41.5792,1,1,0,0,8,2,8
483,17.0,0,0,12.0,1,1,0,0,6,5,8
484,,0,0,33.0,1,1,0,2,4,4,8
485,34.0,0,0,10.5,1,1,0,2,0,0,5
486,36.0,0,0,12.875,0,1,1,0,0,5,3
487,24.0,0,0,10.5,0,1,1,2,8,0,8
488,61.0,0,0,12.35,0,1,1,1,3,5,8
489,50.0,1,0,26.0,0,1,1,2,0,4,8
490,42.0,1,0,26.0,1,1,0,2,0,4,8
491,57.0,0,0,10.5,0,1,0,2,3,0,4
492,,0,0,15.0458,0,1,1,0,4,5,3
493,1.0,0,2,37.0042,1,1,1,0,2,4,8
494,31.0,1,1,37.0042,0,1,1,0,0,4,8
495,24.0,1,1,37.0042,1,1,0,0,8,4,8
496,,0,0,15.5792,0,1,1,0,4,5,8
497,30.0,0,0,13.0,0,1,1,2,8,5,8
498,40.0,0,0,16.0,0,1,1,2,0,5,8
499,32.0,0,0,13.5,0,1,1,2,0,5,8
500,30.0,0,0,13.0,0,1,1,2,8,5,8
501,46.0,0,0,26.0,0,1,1,2,0,4,8
502,13.0,0,1,19.5,1,1,0,2,6,5,8
503,41.0,0,1,19.5,1,1,0,2,0,5,8
504,19.0,0,0,10.5,1,1,1,2,8,0,8
505,39.0,0,0,13.0,0,1,1,2,0,5,8
506,48.0,0,0,13.0,0,1,1,2,0,5,8
507,70.0,0,0,10.5,0,1,1,2,5,0,8
508,27.0,0,0,13.0,0,1,1,2,8,5,8
509,54.0,0,0,14.0,0,1,1,2,3,5,8
510,39.0,0,0,26.0,0,1,1,2,0,4,8
511,16.0,0,0,10.5,0,1,1,2,6,0,8
512,62.0,0,0,9.6875,0,1,1,1,3,0,8
513,32.5,1,0,30.0708,0,1,1,0,0,4,8
514,14.0,1,0,30.0708,1,1,0,0,6,4,8
515,2.0,1,1,26.0,1,1,1,2,7,4,5
516,3.0,1,1,26.0,1,1,1,2,7,4,5
517,36.5,0,2,26.0,0,1,1,2,0,4,5
518,26.0,0,0,13.0,0,1,1,2,8,5,5
519,19.0,1,1,36.75,0,1,1,2,8,4,8
520,28.0,0,0,13.5,0,1,1,2,8,5,8
521,20.0,0,0,13.8625,1,1,1,0,8,5,3
522,29.0,0,0,10.5,1,1,0,2,8,0,5
523,39.0,0,0,13.0,0,1,1,2,0,5,8
524,22.0,0,0,10.5,1,1,1,2,8,0,8
525,,0,0,13.8625,1,1,1,0,4,5,8
526,23.0,0,0,10.5,0,1,1,2,8,0,8
527,29.0,0,0,13.8583,1,1,1,0,8,5,8
528,28.0,0,0,10.5,0,1,1,2,8,0,8
529,,0,0,0.0,0,1,1,2,4,1,8
530,50.0,0,1,26.0,1,1,0,2,0,4,8
531,19.0,0,0,10.5,0,1,1,2,8,0,8
532,,0,0,15.05,0,1,1,0,4,5,8
533,41.0,0,0,13.0,0,1,1,2,0,5,8
534,21.0,0,1,21.0,1,1,0,2,8,5,8
535,19.0,0,0,26.0,1,1,0,2,8,4,8
536,43.0,0,1,21.0,0,1,1,2,0,5,8
537,32.0,0,0,13.0,1,1,0,2,0,5,8
538,34.0,0,0,13.0,0,1,1,2,0,5,8
539,30.0,0,0,12.7375,1,1,1,0,8,5,8
540,27.0,0,0,15.0333,0,1,1,0,8,5,8
541,2.0,1,1,26.0,1,1,0,2,7,4,8
542,8.0,1,1,26.0,1,1,0,2,1,4,8
543,33.0,0,2,26.0,1,1,0,2,0,4,8
544,36.0,0,0,10.5,0,1,1,2,0,0,8
545,34.0,1,0,21.0,0,1,1,2,0,5,8
546,30.0,3,0,21.0,1,1,0,2,8,5,8
547,28.0,0,0,13.0,1,1,0,2,8,5,8
548,23.0,0,0,15.0458,0,1,1,0,8,5,8
549,0.8333,1,1,18.75,1,1,1,2,2,5,8
550,3.0,1,1,18.75,1,1,1,2,7,5,8
551,24.0,2,3,18.75,1,1,0,2,8,5,8
552,50.0,0,0,10.5,1,1,0,2,0,0,8
553,19.0,0,0,10.5,0,1,1,2,8,0,8
554,21.0,0,0,10.5,1,1,0,2,8,0,8
555,26.0,0,0,13.0,0,1,1,2,8,5,8
556,25.0,0,0,13.0,0,1,1,2,8,5,8
557,27.0,0,0,26.0,0,1,1,2,8,4,8
558,25.0,0,1,26.0,1,1,0,2,8,4,8
559,18.0,0,2,13.0,1,1,0,2,6,5,8
560,20.0,0,0,36.75,1,1,0,2,8,4,8
561,30.0,0,0,13.0,1,1,0,2,8,5,8
562,59.0,0,0,13.5,0,1,1,2,3,5,8
563,30.0,0,0,12.35,1,1,0,1,8,5,8
564,35.0,0,0,10.5,0,1,1,2,0,0,8
565,40.0,0,0,13.0,1,1,0,2,0,5,8
566,25.0,0,0,13.0,0,1,1,2,8,5,8
567,41.0,0,0,15.0458,0,1,1,0,0,5,8
568,25.0,0,0,10.5,0,1,1,2,8,0,8
569,18.5,0,0,13.0,0,1,1,2,8,5,5
570,14.0,0,0,65.0,0,1,1,2,6,2,8
571,50.0,0,0,10.5,1,1,0,2,0,0,8
572,23.0,0,0,13.0,0,1,1,2,8,5,8
573,28.0,0,0,12.65,1,1,0,2,8,5,8
574,27.0,0,0,10.5,1,1,0,2,8,0,4
575,29.0,1,0,21.0,0,1,1,2,8,5,8
576,27.0,1,0,21.0,0,1,0,2,8,5,8
577,40.0,0,0,13.0,0,1,1,2,0,5,8
578,31.0,0,0,21.0,1,1,0,2,0,5,8
579,30.0,1,0,21.0,0,1,1,2,8,5,8
580,23.0,1,0,10.5,0,1,1,2,8,0,8
581,31.0,0,0,21.0,1,1,0,2,0,5,8
582,,0,0,0.0,0,1,1,2,4,1,8
583,12.0,0,0,15.75,1,1,0,2,1,5,8
584,40.0,0,0,15.75,1,1,0,2,0,5,8
585,32.5,0,0,13.0,1,1,0,2,0,5,4
586,27.0,1,0,26.0,0,1,1,2,8,4,8
587,29.0,1,0,26.0,1,1,0,2,8,4,8
588,2.0,1,1,23.0,1,1,1,2,7,4,8
589,4.0,1,1,23.0,1,1,0,2,7,4,8
590,29.0,0,2,23.0,1,1,0,2,8,4,8
591,0.9167,1,2,27.75,1,1,0,2,2,4,8
592,5.0,1,2,27.75,1,1,0,2,7,4,8
593,36.0,1,2,27.75,0,1,1,2,0,4,8
594,33.0,1,2,27.75,1,1,0,2,0,4,8
595,66.0,0,0,10.5,0,1,1,2,5,0,8
596,,0,0,12.875,0,1,1,2,4,5,8
597,31.0,0,0,13.0,1,1,1,2,0,5,8
598,,0,0,13.0,1,1,1,2,4,5,8
599,26.0,0,0,13.5,1,1,0,2,8,5,8
600,24.0,0,0,13.0,0,1,0,2,8,5,8
601,42.0,0,0,7.55,0,2,1,2,0,1,8
602,13.0,0,2,20.25,0,2,1,2,6,5,8
603,16.0,1,1,20.25,0,2,1,2,6,5,8
604,35.0,1,1,20.25,1,2,0,2,0,5,8
605,16.0,0,0,7.65,1,2,0,2,6,1,8
606,25.0,0,0,7.65,1,2,1,2,8,1,5
607,20.0,0,0,7.925,1,2,1,2,8,1,8
608,18.0,0,0,7.2292,1,2,0,0,6,1,8
609,30.0,0,0,7.25,0,2,1,2,8,1,8
610,26.0,0,0,8.05,0,2,1,2,8,0,8
611,40.0,1,0,9.475,0,2,0,2,0,0,8
612,0.8333,0,1,9.35,1,2,1,2,2,0,8
613,18.0,0,1,9.35,1,2,0,2,6,0,8
614,26.0,0,0,18.7875,1,2,1,0,8,5,8
615,26.0,0,0,7.8875,0,2,1,2,8,1,8
616,20.0,0,0,7.925,0,2,1,2,8,1,8
617,24.0,0,0,7.05,0,2,1,2,8,1,8
618,25.0,0,0,7.05,0,2,1,2,8,1,8
619,35.0,0,0,8.05,0,2,1,2,0,0,8
620,18.0,0,0,8.3,0,2,1,2,6,0,8
621,32.0,0,0,22.525,0,2,1,2,0,4,8
622,19.0,1,0,7.8542,1,2,0,2,8,1,8
623,4.0,4,2,31.275,0,2,1,2,7,4,8
624,6.0,4,2,31.275,0,2,0,2,1,4,8
625,2.0,4,2,31.275,0,2,0,2,7,4,8
626,17.0,4,2,7.925,1,2,0,2,6,1,8
627,38.0,4,2,7.775,0,2,0,2,0,1,8
628,9.0,4,2,31.275,0,2,0,2,1,4,8
629,11.0,4,2,31.275,0,2,0,2,1,4,8
630,39.0,1,5,31.275,0,2,1,2,0,4,8
631,27.0,0,0,7.7958,1,2,1,2,8,1,8
632,26.0,0,0,7.775,0,2,1,2,8,1,8
633,39.0,1,5,31.275,0,2,0,2,0,4,8
634,20.0,0,0,7.8542,0,2,1,2,8,1,8
635,26.0,0,0,7.8958,0,2,1,2,8,1,8
636,25.0,1,0,17.8,0,2,1,2,8,5,8
637,18.0,1,0,17.8,0,2,0,2,6,5,8
638,24.0,0,0,7.775,0,2,1,2,8,1,8
639,35.0,0,0,7.05,0,2,1,2,0,1,8
640,5.0,4,2,31.3875,0,2,1,2,7,4,8
641,9.0,4,2,31.3875,0,2,1,2,1,4,8
642,3.0,4,2,31.3875,1,2,1,2,7,4,8
643,13.0,4,2,31.3875,0,2,1,2,6,4,8
644,5.0,4,2,31.3875,1,2,0,2,7,4,8
645,40.0,1,5,31.3875,0,2,1,2,0,4,8
646,23.0,0,0,7.7958,1,2,1,2,8,1,8
647,38.0,1,5,31.3875,1,2,0,2,0,4,8
648,45.0,0,0,7.225,1,2,0,0,0,1,8
649,21.0,0,0,7.225,0,2,1,0,8,1,8
650,23.0,0,0,7.05,0,2,1,2,8,1,8
651,17.0,0,0,14.4583,0,2,0,0,6,5,8
652,30.0,0,0,7.225,0,2,1,0,8,1,8
653,23.0,0,0,7.8542,0,2,1,2,8,1,8
654,13.0,0,0,7.2292,1,2,0,0,6,1,8
655,20.0,0,0,7.225,0,2,1,0,8,1,8
656,32.0,1,0,15.85,0,2,1,2,0,5,8
657,33.0,3,0,15.85,1,2,0,2,0,5,8
658,0.75,2,1,19.2583,1,2,0,0,2,5,8
659,0.75,2,1,19.2583,1,2,0,0,2,5,8
660,5.0,2,1,19.2583,1,2,0,0,7,5,8
661,24.0,0,3,19.2583,1,2,0,0,8,5,8
662,18.0,0,0,8.05,1,2,0,2,6,0,8
663,40.0,0,0,7.225,0,2,1,0,0,1,8
664,26.0,0,0,7.8958,0,2,1,2,8,1,8
665,20.0,0,0,7.2292,1,2,1,0,8,1,8
666,18.0,0,1,14.4542,0,2,0,0,6,5,8
667,45.0,0,1,14.4542,0,2,0,0,0,5,8
668,27.0,0,0,7.8792,0,2,0,1,8,1,8
669,22.0,0,0,8.05,0,2,1,2,8,0,8
670,19.0,0,0,8.05,0,2,1,2,8,0,8
671,26.0,0,0,7.775,0,2,1,2,8,1,8
672,22.0,0,0,9.35,0,2,1,2,8,0,8
673,,0,0,7.2292,0,2,1,0,4,1,8
674,20.0,0,0,4.0125,0,2,1,0,8,1,8
675,32.0,0,0,56.4958,1,2,1,2,0,2,8
676,21.0,0,0,7.775,0,2,1,2,8,1,8
677,18.0,0,0,7.75,0,2,1,2,6,1,8
678,26.0,0,0,7.8958,0,2,1,2,8,1,8
679,6.0,1,1,15.2458,0,2,1,0,1,5,8
680,9.0,1,1,15.2458,0,2,0,0,1,5,8
681,,0,0,7.225,0,2,1,0,4,1,8
682,,0,2,15.2458,0,2,0,0,4,5,8
683,,0,2,7.75,0,2,0,1,4,1,8
684,40.0,1,1,15.5,0,2,1,1,0,5,8
685,32.0,1,1,15.5,0,2,0,1,0,5,8
686,21.0,0,0,16.1,0,2,1,2,8,5,8
687,22.0,0,0,7.725,1,2,0,1,8,1,8
688,20.0,0,0,7.8542,0,2,0,2,8,1,8
689,29.0,1,0,7.0458,0,2,1,2,8,1,8
690,22.0,1,0,7.25,0,2,1,2,8,1,8
691,22.0,0,0,7.7958,0,2,1,2,8,1,8
692,35.0,0,0,8.05,0,2,1,2,0,0,8
693,18.5,0,0,7.2833,0,2,0,1,8,1,8
694,21.0,0,0,7.8208,1,2,1,1,8,1,8
695,19.0,0,0,6.75,0,2,1,1,8,1,8
696,18.0,0,0,7.8792,0,2,0,1,6,1,8
697,21.0,0,0,8.6625,0,2,0,2,8,0,8
698,30.0,0,0,8.6625,0,2,0,2,8,0,8
699,18.0,0,0,8.6625,0,2,1,2,6,0,8
700,38.0,0,0,8.6625,0,2,1,2,0,0,8
701,17.0,0,0,8.6625,0,2,1,2,6,0,8
702,17.0,0,0,8.6625,0,2,1,2,6,0,8
703,21.0,0,0,7.75,0,2,0,1,8,1,8
704,21.0,0,0,7.75,0,2,1,1,8,1,8
705,21.0,0,0,8.05,0,2,1,2,8,0,8
706,,1,0,14.4583,0,2,1,0,4,5,8
707,,1,0,14.4583,0,2,0,0,4,5,8
708,28.0,0,0,7.7958,0,2,1,2,8,1,8
709,24.0,0,0,7.8542,0,2,1,2,8,1,8
710,16.0,0,0,7.75,1,2,0,1,6,1,8
711,37.0,0,0,7.75,0,2,0,1,0,1,8
712,28.0,0,0,7.25,0,2,1,2,8,1,8
713,24.0,0,0,8.05,0,2,1,2,8,0,8
714,21.0,0,0,7.7333,0,2,1,1,8,1,8
715,32.0,0,0,56.4958,1,2,1,2,0,2,8
716,29.0,0,0,8.05,0,2,1,2,8,0,8
717,26.0,1,0,14.4542,0,2,1,0,8,5,8
718,18.0,1,0,14.4542,0,2,1,0,6,5,8
719,20.0,0,0,7.05,0,2,1,2,8,1,8
720,18.0,0,0,8.05,1,2,1,2,6,0,8
721,24.0,0,0,7.25,0,2,1,1,8,1,8
722,36.0,0,0,7.4958,0,2,1,2,0,1,8
723,24.0,0,0,7.4958,0,2,1,2,8,1,8
724,31.0,0,0,7.7333,0,2,1,1,0,1,8
725,31.0,0,0,7.75,0,2,1,1,0,1,8
726,22.0,0,0,7.75,1,2,0,1,8,1,8
727,30.0,0,0,7.6292,0,2,0,1,8,1,8
728,70.5,0,0,7.75,0,2,1,1,5,1,8
729,43.0,0,0,8.05,0,2,1,2,0,0,8
730,35.0,0,0,7.8958,0,2,1,2,0,1,8
731,27.0,0,0,7.8958,0,2,1,2,8,1,8
732,19.0,0,0,7.8958,0,2,1,2,8,1,8
733,30.0,0,0,8.05,0,2,1,2,8,0,8
734,9.0,1,1,15.9,1,2,1,2,1,5,8
735,3.0,1,1,15.9,1,2,1,2,7,5,8
736,36.0,0,2,15.9,1,2,0,2,0,5,8
737,59.0,0,0,7.25,0,2,1,2,3,1,8
738,19.0,0,0,8.1583,0,2,1,2,8,0,8
739,17.0,0,1,16.1,1,2,0,2,6,5,8
740,44.0,0,1,16.1,0,2,1,2,0,5,8
741,17.0,0,0,8.6625,0,2,1,2,6,0,8
742,22.5,0,0,7.225,0,2,1,0,8,1,8
743,45.0,0,0,8.05,1,2,1,2,0,0,8
744,22.0,0,0,10.5167,0,2,0,2,8,5,8
745,19.0,0,0,10.1708,0,2,1,2,8,0,8
746,30.0,0,0,6.95,1,2,0,1,8,1,8
747,29.0,0,0,7.75,1,2,1,1,8,1,8
748,0.3333,0,2,14.4,0,2,1,2,2,5,8
749,34.0,1,1,14.4,0,2,1,2,0,5,8
750,28.0,1,1,14.4,0,2,0,2,8,5,8
751,27.0,0,0,7.8958,0,2,1,2,8,1,8
752,25.0,0,0,7.8958,0,2,1,2,8,1,8
753,24.0,2,0,24.15,0,2,1,2,8,4,8
754,22.0,0,0,8.05,0,2,1,2,8,0,8
755,21.0,2,0,24.15,0,2,1,2,8,4,8
756,17.0,2,0,8.05,0,2,1,2,6,0,8
757,,1,0,16.1,0,2,1,2,4,5,8
758,,1,0,16.1,1,2,0,2,4,5,8
759,36.5,1,0,17.4,1,2,1,2,0,5,8
760,36.0,1,0,17.4,1,2,0,2,0,5,8
761,30.0,0,0,9.5,1,2,1,2,8,0,8
762,16.0,0,0,9.5,0,2,1,2,6,0,8
763,1.0,1,2,20.575,1,2,1,2,2,5,8
764,0.1667,1,2,20.575,1,2,0,2,2,5,8
765,26.0,1,2,20.575,0,2,1,2,8,5,8
766,33.0,1,2,20.575,1,2,0,2,0,5,8
767,25.0,0,0,7.8958,0,2,1,2,8,1,8
768,,0,0,7.8958,0,2,1,2,4,1,8
769,,0,0,7.8958,0,2,1,2,4,1,8
770,22.0,0,0,7.25,0,2,1,2,8,1,8
771,36.0,0,0,7.25,0,2,1,2,0,1,8
772,19.0,0,0,7.8792,1,2,0,1,8,1,8
773,17.0,0,0,7.8958,0,2,1,2,6,1,8
774,42.0,0,0,8.6625,0,2,1,2,0,0,8
775,43.0,0,0,7.8958,0,2,1,2,0,1,8
776,,0,0,7.2292,0,2,1,0,4,1,8
777,32.0,0,0,7.75,0,2,1,1,0,1,8
778,19.0,0,0,8.05,1,2,1,2,8,0,8
779,30.0,0,0,12.475,1,2,0,2,8,5,8
780,24.0,0,0,7.75,0,2,0,1,8,1,8
781,23.0,0,0,8.05,1,2,0,2,8,0,8
782,33.0,0,0,7.8958,0,2,1,0,0,1,8
783,65.0,0,0,7.75,0,2,1,1,3,1,8
784,24.0,0,0,7.55,1,2,1,2,8,1,8
785,23.0,1,0,13.9,0,2,1,2,8,5,8
786,22.0,1,0,13.9,1,2,0,2,8,5,8
787,18.0,0,0,7.775,0,2,1,2,6,1,8
788,16.0,0,0,7.775,0,2,1,2,6,1,8
789,45.0,0,0,6.975,0,2,1,2,0,1,8
790,,0,0,7.225,0,2,1,0,4,1,8
791,39.0,0,2,7.2292,0,2,1,0,0,1,8
792,17.0,1,1,7.2292,0,2,1,0,6,1,8
793,15.0,1,1,7.2292,0,2,1,0,6,1,8
794,47.0,0,0,7.25,0,2,1,2,0,1,8
795,5.0,0,0,12.475,1,2,0,2,7,5,8
796,,0,0,7.225,0,2,1,0,4,1,8
797,40.5,0,0,15.1,0,2,1,2,0,5,8
798,40.5,0,0,7.75,0,2,1,1,0,1,8
799,,0,0,7.05,1,2,1,2,4,1,8
800,18.0,0,0,7.7958,0,2,1,2,6,1,8
801,,0,0,7.75,0,2,0,1,4,1,8
802,,0,0,7.75,0,2,1,1,4,1,8
803,,0,0,6.95,0,2,1,1,4,1,8
804,26.0,0,0,7.8792,0,2,1,1,8,1,8
805,,0,0,7.75,0,2,1,1,4,1,8
806,,0,0,56.4958,1,2,1,2,4,2,8
807,21.0,2,2,34.375,0,2,0,2,8,4,8
808,9.0,2,2,34.375,0,2,0,2,1,4,8
809,,0,0,8.05,0,2,1,2,4,0,8
810,18.0,2,2,34.375,0,2,1,2,6,4,8
811,16.0,1,3,34.375,0,2,1,2,6,4,8
812,48.0,1,3,34.375,0,2,0,2,0,4,8
813,,0,0,7.75,0,2,1,1,4,1,8
814,,0,0,7.25,0,2,1,2,4,1,8
815,25.0,0,0,7.7417,0,2,1,1,8,1,8
816,,0,0,14.5,0,2,1,2,4,5,8
817,,0,0,7.8958,0,2,1,0,4,1,8
818,22.0,0,0,8.05,0,2,1,2,8,0,8
819,16.0,0,0,7.7333,1,2,0,1,6,1,8
820,,0,0,7.75,1,2,0,1,4,1,8
821,9.0,0,2,20.525,1,2,1,2,1,5,8
822,33.0,1,1,20.525,0,2,1,2,0,5,8
823,41.0,0,0,7.85,0,2,1,2,0,1,8
824,31.0,1,1,20.525,1,2,0,2,0,5,8
825,38.0,0,0,7.05,0,2,1,2,0,1,8
826,9.0,5,2,46.9,0,2,1,2,1,2,8
827,1.0,5,2,46.9,0,2,1,2,2,2,8
828,11.0,5,2,46.9,0,2,1,2,1,2,8
829,10.0,5,2,46.9,0,2,0,2,1,2,8
830,16.0,5,2,46.9,0,2,0,2,6,2,8
831,14.0,5,2,46.9,0,2,1,2,6,2,8
832,40.0,1,6,46.9,0,2,1,2,0,2,8
833,43.0,1,6,46.9,0,2,0,2,0,2,8
834,51.0,0,0,8.05,0,2,1,2,3,0,8
835,32.0,0,0,8.3625,0,2,1,2,0,0,8
836,,0,0,8.05,0,2,1,2,4,0,8
837,20.0,0,0,9.8458,0,2,1,2,8,0,8
838,37.0,2,0,7.925,0,2,1,2,0,1,8
839,28.0,2,0,7.925,0,2,1,2,8,1,8
840,19.0,0,0,7.775,0,2,1,2,8,1,8
841,24.0,0,0,8.85,0,2,0,2,8,0,8
842,17.0,0,0,7.7333,0,2,0,1,6,1,8
843,,1,0,19.9667,0,2,1,2,4,5,8
844,,1,0,19.9667,0,2,1,2,4,5,8
845,28.0,1,0,15.85,0,2,1,2,8,5,8
846,24.0,1,0,15.85,1,2,0,2,8,5,8
847,20.0,0,0,9.5,0,2,1,2,8,0,8
848,23.5,0,0,7.2292,0,2,1,0,8,1,8
849,41.0,2,0,14.1083,0,2,1,2,0,5,8
850,26.0,1,0,7.8542,0,2,1,2,8,1,8
851,21.0,0,0,7.8542,0,2,1,2,8,1,8
852,45.0,1,0,14.1083,1,2,0,2,0,5,8
853,,0,0,7.55,0,2,0,2,4,1,8
854,25.0,0,0,7.25,0,2,1,2,8,1,8
855,,0,0,6.8583,0,2,1,1,4,1,8
856,11.0,0,0,18.7875,0,2,1,0,1,5,8
857,,0,0,7.75,1,2,0,1,4,1,8
858,27.0,0,0,6.975,1,2,1,2,8,1,8
859,,0,0,56.4958,1,2,1,2,4,2,8
860,18.0,0,0,6.75,0,2,0,1,6,1,8
861,26.0,0,0,7.925,1,2,0,2,8,1,8
862,23.0,0,0,7.925,0,2,0,2,8,1,8
863,22.0,0,0,8.9625,1,2,0,2,8,0,8
864,28.0,0,0,7.8958,0,2,1,2,8,1,8
865,28.0,0,0,7.775,0,2,0,2,8,1,8
866,,0,0,7.75,0,2,0,1,4,1,8
867,2.0,0,1,12.2875,1,2,0,2,7,5,8
868,22.0,1,1,12.2875,1,2,0,2,8,5,8
869,43.0,0,0,6.45,0,2,1,2,0,1,8
870,28.0,0,0,22.525,0,2,1,2,8,4,8
871,27.0,0,0,7.925,1,2,0,2,8,1,8
872,,0,0,7.75,0,2,1,1,4,1,8
873,,0,0,8.05,1,2,0,2,4,0,8
874,42.0,0,0,7.65,0,2,1,2,0,1,5
875,,0,0,7.8875,1,2,1,2,4,1,8
876,30.0,0,0,7.2292,0,2,1,0,8,1,8
877,,0,0,7.8958,0,2,1,2,4,1,8
878,27.0,1,0,7.925,0,2,0,2,8,1,8
879,25.0,1,0,7.925,0,2,0,2,8,1,8
880,,0,0,7.8958,0,2,1,2,4,1,8
881,29.0,0,0,7.8958,1,2,1,0,8,1,8
882,21.0,0,0,7.7958,1,2,1,2,8,1,8
883,,0,0,7.05,0,2,1,2,4,1,8
884,20.0,0,0,7.8542,0,2,1,2,8,1,8
885,48.0,0,0,7.8542,0,2,1,2,0,1,8
886,17.0,1,0,7.0542,0,2,1,2,6,1,8
887,,0,0,7.75,1,2,0,1,4,1,8
888,,0,0,8.1125,1,2,1,2,4,0,8
889,34.0,0,0,6.4958,0,2,1,2,0,1,8
890,26.0,0,0,7.775,1,2,1,2,8,1,8
891,22.0,0,0,7.7958,0,2,1,2,8,1,8
892,33.0,0,0,8.6542,0,2,1,2,0,0,8
893,31.0,0,0,7.775,0,2,1,2,0,1,8
894,29.0,0,0,7.8542,0,2,1,2,8,1,8
895,4.0,1,1,11.1333,1,2,1,2,7,5,8
896,1.0,1,1,11.1333,1,2,0,2,2,5,8
897,49.0,0,0,0.0,0,2,1,2,0,1,8
898,33.0,0,0,7.775,0,2,1,2,0,1,8
899,19.0,0,0,0.0,0,2,1,2,8,1,8
900,27.0,0,2,11.1333,1,2,0,2,8,5,8
901,,1,2,23.45,0,2,1,2,4,4,8
902,,1,2,23.45,0,2,0,2,4,4,8
903,,1,2,23.45,0,2,1,2,4,4,8
904,,1,2,23.45,0,2,0,2,4,4,8
905,23.0,0,0,7.8958,0,2,1,2,8,1,8
906,32.0,0,0,7.8542,1,2,1,2,0,1,8
907,27.0,0,0,7.8542,0,2,1,2,8,1,8
908,20.0,1,0,9.825,0,2,0,2,8,0,8
909,21.0,1,0,9.825,0,2,0,2,8,0,8
910,32.0,0,0,7.925,1,2,1,2,0,1,8
911,17.0,0,0,7.125,0,2,1,2,6,1,8
912,21.0,0,0,8.4333,0,2,1,2,8,0,8
913,30.0,0,0,7.8958,0,2,1,2,8,1,8
914,21.0,0,0,7.7958,1,2,1,2,8,1,8
915,33.0,0,0,7.8542,0,2,1,2,0,1,8
916,22.0,0,0,7.5208,0,2,1,2,8,1,8
917,4.0,0,1,13.4167,1,2,0,0,7,5,8
918,39.0,0,1,13.4167,1,2,1,0,0,5,8
919,,0,0,7.2292,0,2,1,0,4,1,8
920,18.5,0,0,7.2292,0,2,1,0,8,1,8
921,,0,0,7.75,0,2,1,1,4,1,8
922,,0,0,7.25,0,2,1,2,4,1,8
923,,0,0,7.75,1,2,0,1,4,1,8
924,,0,0,7.75,1,2,0,1,4,1,8
925,34.5,0,0,7.8292,0,2,1,1,0,1,8
926,44.0,0,0,8.05,0,2,1,2,0,0,8
927,,0,0,7.75,1,2,1,1,4,1,8
928,,1,0,14.4542,0,2,1,0,4,5,8
929,,1,0,14.4542,0,2,0,0,4,5,8
930,,1,0,7.75,0,2,1,1,4,1,8
931,,1,0,7.75,0,2,1,1,4,1,8
932,,0,0,7.7375,0,2,1,1,4,1,8
933,22.0,2,0,8.6625,0,2,0,2,8,0,8
934,26.0,2,0,8.6625,0,2,1,2,8,0,8
935,4.0,0,2,22.025,1,2,0,2,7,4,8
936,29.0,3,1,22.025,1,2,1,2,8,4,8
937,26.0,1,1,22.025,1,2,0,2,8,4,8
938,1.0,1,1,12.1833,0,2,0,2,2,5,8
939,18.0,1,1,7.8542,0,2,1,2,6,1,8
940,36.0,0,2,12.1833,0,2,0,2,0,5,8
941,,0,0,7.8958,0,2,1,0,4,1,8
942,25.0,0,0,7.2292,1,2,1,0,8,1,5
943,,0,0,7.225,0,2,1,0,4,1,8
944,37.0,0,0,9.5875,0,2,0,2,0,0,8
945,,0,0,7.8958,0,2,1,2,4,1,8
946,,0,0,56.4958,1,2,1,2,4,2,8
947,,0,0,56.4958,0,2,1,2,4,2,8
948,22.0,0,0,7.25,1,2,0,2,8,1,8
949,,0,0,7.75,0,2,1,1,4,1,8
950,26.0,0,0,56.4958,1,2,1,2,8,2,8
951,29.0,0,0,9.4833,0,2,1,2,8,0,8
952,29.0,0,0,7.775,0,2,1,2,8,1,8
953,22.0,0,0,7.775,0,2,1,2,8,1,8
954,22.0,0,0,7.225,1,2,1,0,8,1,8
955,,3,1,25.4667,0,2,1,2,4,4,8
956,,3,1,25.4667,0,2,0,2,4,4,8
957,,3,1,25.4667,0,2,0,2,4,4,8
958,,3,1,25.4667,0,2,0,2,4,4,8
959,,0,4,25.4667,0,2,0,2,4,4,8
960,32.0,0,0,7.925,0,2,1,2,0,1,8
961,34.5,0,0,6.4375,0,2,1,0,0,1,8
962,,1,0,15.5,0,2,0,1,4,5,8
963,,1,0,15.5,0,2,1,1,4,5,8
964,36.0,0,0,0.0,0,2,1,2,0,1,8
965,39.0,0,0,24.15,0,2,1,2,0,4,8
966,24.0,0,0,9.5,0,2,1,2,8,0,8
967,25.0,0,0,7.775,0,2,0,2,8,1,8
968,45.0,0,0,7.75,0,2,0,2,0,1,8
969,36.0,1,0,15.55,0,2,1,2,0,5,8
970,30.0,1,0,15.55,0,2,0,2,8,5,8
971,20.0,1,0,7.925,1,2,1,2,8,1,8
972,,0,0,7.8792,0,2,1,1,4,1,8
973,28.0,0,0,56.4958,0,2,1,2,8,2,8
974,,0,0,7.55,0,2,1,2,4,1,8
975,30.0,1,0,16.1,0,2,1,2,8,5,8
976,26.0,1,0,16.1,0,2,0,2,8,5,8
977,,0,0,7.8792,0,2,1,2,4,1,8
978,20.5,0,0,7.25,0,2,1,2,8,1,8
979,27.0,0,0,8.6625,1,2,1,2,8,0,8
980,51.0,0,0,7.0542,0,2,1,2,3,1,8
981,23.0,0,0,7.8542,1,2,0,2,8,1,8
982,32.0,0,0,7.5792,1,2,1,2,0,1,8
983,,0,0,7.8958,0,2,1,2,4,1,8
984,,0,0,7.55,0,2,1,2,4,1,8
985,,0,0,7.75,1,2,0,1,4,1,8
986,24.0,0,0,7.1417,1,2,1,2,8,1,8
987,22.0,0,0,7.125,0,2,1,2,8,1,8
988,,0,0,7.8792,0,2,0,1,4,1,8
989,,0,0,7.75,0,2,1,1,4,1,8
990,,0,0,8.05,0,2,1,2,4,0,8
991,29.0,0,0,7.925,0,2,1,2,8,1,8
992,,0,0,7.2292,1,2,1,0,4,1,8
993,30.5,0,0,7.75,0,2,0,1,0,1,8
994,,0,0,7.7375,1,2,0,1,4,1,8
995,,0,0,7.2292,0,2,1,0,4,1,5
996,35.0,0,0,7.8958,0,2,1,0,0,1,8
997,33.0,0,0,7.8958,0,2,1,2,0,1,8
998,,0,0,7.225,1,2,0,0,4,1,8
999,,0,0,7.8958,0,2,1,0,4,1,8
1000,,0,0,7.75,1,2,0,1,4,1,8
1001,,0,0,7.75,1,2,1,1,4,1,8
1002,,2,0,23.25,1,2,0,1,4,4,8
1003,,2,0,23.25,1,2,0,1,4,4,8
1004,,2,0,23.25,1,2,1,1,4,4,8
1005,,0,0,7.7875,1,2,0,1,4,1,8
1006,,0,0,15.5,0,2,1,1,4,5,8
1007,,0,0,7.8792,1,2,0,1,4,1,8
1008,15.0,0,0,8.0292,1,2,0,1,6,0,8
1009,35.0,0,0,7.75,0,2,0,1,0,1,8
1010,,0,0,7.75,0,2,1,1,4,1,8
1011,24.0,1,0,16.1,0,2,1,2,8,5,8
1012,19.0,1,0,16.1,0,2,0,2,8,5,8
1013,,0,0,7.75,0,2,0,1,4,1,8
1014,,0,0,8.05,0,2,0,2,4,0,8
1015,,0,0,8.05,0,2,0,2,4,0,8
1016,55.5,0,0,8.05,0,2,1,2,3,0,8
1017,,0,0,7.75,0,2,1,1,4,1,8
1018,21.0,0,0,7.775,1,2,1,2,8,1,8
1019,,0,0,8.05,0,2,1,2,4,0,8
1020,24.0,0,0,7.8958,0,2,1,2,8,1,8
1021,21.0,0,0,7.8958,0,2,1,2,8,1,8
1022,28.0,0,0,7.8958,0,2,1,2,8,1,8
1023,,0,0,7.8958,0,2,1,2,4,1,8
1024,,0,0,7.8792,1,2,0,1,4,1,8
1025,25.0,0,0,7.65,0,2,1,2,8,1,5
1026,6.0,0,1,12.475,1,2,1,2,1,5,4
1027,27.0,0,1,12.475,1,2,0,2,8,5,4
1028,,0,0,8.05,0,2,1,2,4,0,8
1029,,1,0,24.15,1,2,0,1,4,4,8
1030,,1,0,24.15,0,2,1,1,4,4,8
1031,,0,0,8.4583,0,2,1,1,4,0,8
1032,34.0,0,0,8.05,0,2,1,2,0,0,8
1033,,0,0,7.75,0,2,1,1,4,1,8
1034,,0,0,7.775,1,2,1,2,4,1,8
1035,,1,1,15.2458,1,2,1,0,4,5,8
1036,,1,1,15.2458,1,2,1,0,4,5,8
1037,,0,2,15.2458,1,2,0,0,4,5,8
1038,,0,0,7.2292,1,2,0,0,4,1,8
1039,,0,0,8.05,0,2,1,2,4,0,8
1040,,0,0,7.7333,1,2,0,1,4,1,8
1041,24.0,0,0,7.75,1,2,0,1,8,1,8
1042,,0,0,8.05,0,2,1,2,4,0,8
1043,,1,0,15.5,1,2,0,1,4,5,8
1044,,1,0,15.5,1,2,0,1,4,5,8
1045,,0,0,15.5,1,2,0,1,4,5,8
1046,18.0,0,0,7.75,0,2,1,2,6,1,8
1047,22.0,0,0,7.8958,0,2,1,2,8,1,8
1048,15.0,0,0,7.225,1,2,0,0,6,1,8
1049,1.0,0,2,15.7417,1,2,0,0,2,5,8
1050,20.0,1,1,15.7417,1,2,1,0,8,5,8
1051,19.0,1,1,15.7417,1,2,0,0,8,5,8
1052,33.0,0,0,8.05,0,2,1,2,0,0,8
1053,,0,0,7.8958,0,2,1,2,4,1,8
1054,,0,0,7.2292,0,2,1,0,4,1,8
1055,,0,0,7.75,0,2,0,1,4,1,8
1056,,0,0,7.8958,0,2,1,2,4,1,8
1057,12.0,1,0,11.2417,1,2,1,0,1,5,8
1058,14.0,1,0,11.2417,1,2,0,0,6,5,8
1059,29.0,0,0,7.925,0,2,0,2,8,1,8
1060,28.0,0,0,8.05,0,2,1,2,8,0,8
1061,18.0,0,0,7.775,1,2,0,2,6,1,8
1062,26.0,0,0,7.8542,1,2,0,2,8,1,8
1063,21.0,0,0,7.8542,0,2,1,2,8,1,8
1064,41.0,0,0,7.125,0,2,1,2,0,1,8
1065,39.0,0,0,7.925,1,2,1,2,0,1,8
1066,21.0,0,0,7.8,0,2,1,2,8,1,8
1067,28.5,0,0,7.2292,0,2,1,0,8,1,8
1068,22.0,0,0,7.75,1,2,0,2,8,1,8
1069,61.0,0,0,6.2375,0,2,1,2,3,1,8
1070,,1,0,15.5,0,2,1,1,4,5,8
1071,,0,0,7.8292,0,2,1,1,4,1,8
1072,,1,0,15.5,1,2,0,1,4,5,8
1073,,0,0,7.7333,0,2,1,1,4,1,8
1074,,0,0,7.75,0,2,1,1,4,1,8
1075,,0,0,7.75,0,2,1,1,4,1,8
1076,23.0,0,0,9.225,0,2,1,2,8,0,8
1077,,0,0,7.75,0,2,0,1,4,1,8
1078,,0,0,7.75,1,2,0,1,4,1,8
1079,,0,0,7.8792,1,2,0,1,4,1,8
1080,22.0,0,0,7.775,1,2,0,2,8,1,8
1081,,0,0,7.75,1,2,1,1,4,1,8
1082,,0,0,7.8292,1,2,0,1,4,1,8
1083,9.0,0,1,3.1708,1,2,1,2,1,1,8
1084,28.0,0,0,22.525,0,2,1,2,8,4,8
1085,42.0,0,1,8.4042,0,2,1,2,0,0,8
1086,,0,0,7.3125,0,2,1,2,4,1,8
1087,31.0,0,0,7.8542,0,2,0,2,0,1,8
1088,28.0,0,0,7.8542,0,2,1,2,8,1,8
1089,32.0,0,0,7.775,1,2,1,2,0,1,8
1090,20.0,0,0,9.225,0,2,1,2,8,0,8
1091,23.0,0,0,8.6625,0,2,0,2,8,0,8
1092,20.0,0,0,8.6625,0,2,0,2,8,0,8
1093,20.0,0,0,8.6625,0,2,1,2,8,0,8
1094,16.0,0,0,9.2167,0,2,1,2,6,0,8
1095,31.0,0,0,8.6833,1,2,0,2,0,0,8
1096,,0,0,7.6292,0,2,0,1,4,1,8
1097,2.0,3,1,21.075,0,2,1,2,7,5,8
1098,6.0,3,1,21.075,0,2,1,2,1,5,8
1099,3.0,3,1,21.075,0,2,0,2,7,5,8
1100,8.0,3,1,21.075,0,2,0,2,1,5,8
1101,29.0,0,4,21.075,0,2,0,2,8,5,8
1102,1.0,4,1,39.6875,0,2,1,2,2,4,8
1103,7.0,4,1,39.6875,0,2,1,2,1,4,8
1104,2.0,4,1,39.6875,0,2,1,2,7,4,8
1105,16.0,4,1,39.6875,0,2,1,2,6,4,8
1106,14.0,4,1,39.6875,0,2,1,2,6,4,8
1107,41.0,0,5,39.6875,0,2,0,2,0,4,8
1108,21.0,0,0,8.6625,0,2,1,2,8,0,8
1109,19.0,0,0,14.5,0,2,1,2,8,5,8
1110,,0,0,8.7125,0,2,1,0,4,0,8
1111,32.0,0,0,7.8958,0,2,1,2,0,1,8
1112,0.75,1,1,13.775,0,2,1,2,2,5,8
1113,3.0,1,1,13.775,0,2,0,2,7,5,8
1114,26.0,0,2,13.775,0,2,0,2,8,5,8
1115,,0,0,7.0,0,2,1,2,4,1,8
1116,,0,0,7.775,0,2,1,2,4,1,8
1117,,0,0,8.05,0,2,1,2,4,0,8
1118,21.0,0,0,7.925,0,2,1,2,8,1,8
1119,25.0,0,0,7.925,0,2,1,2,8,1,8
1120,22.0,0,0,7.25,0,2,1,2,8,1,8
1121,25.0,1,0,7.775,1,2,1,2,8,1,8
1122,,1,1,22.3583,1,2,1,0,4,4,8
1123,,1,1,22.3583,1,2,0,0,4,4,5
1124,,0,2,22.3583,1,2,0,0,4,4,8
1125,,0,0,8.1375,0,2,0,1,4,0,8
1126,24.0,0,0,8.05,0,2,1,2,8,0,8
1127,28.0,0,0,7.8958,0,2,0,2,8,1,8
1128,19.0,0,0,7.8958,0,2,1,2,8,1,8
1129,,0,0,7.8958,0,2,1,2,4,1,8
1130,25.0,1,0,7.775,0,2,1,2,8,1,8
1131,18.0,0,0,7.775,0,2,0,2,6,1,8
1132,32.0,0,0,8.05,1,2,1,2,0,0,4
1133,,0,0,7.8958,0,2,1,2,4,1,8
1134,17.0,0,0,8.6625,0,2,1,2,6,0,8
1135,24.0,0,0,8.6625,0,2,1,2,8,0,8
1136,,0,0,7.8958,0,2,1,2,4,1,8
1137,,0,0,8.1125,0,2,0,2,4,0,8
1138,,0,0,7.2292,0,2,1,0,4,1,8
1139,,0,0,7.25,0,2,1,2,4,1,8
1140,38.0,0,0,7.8958,0,2,1,2,0,1,8
1141,21.0,0,0,8.05,0,2,1,2,8,0,8
1142,10.0,4,1,29.125,0,2,1,1,1,4,8
1143,4.0,4,1,29.125,0,2,1,1,7,4,8
1144,7.0,4,1,29.125,0,2,1,1,1,4,8
1145,2.0,4,1,29.125,0,2,1,1,7,4,8
1146,8.0,4,1,29.125,0,2,1,1,1,4,8
1147,39.0,0,5,29.125,0,2,0,1,0,4,8
1148,22.0,0,0,39.6875,0,2,0,2,8,4,8
1149,35.0,0,0,7.125,0,2,1,2,0,1,8
1150,,0,0,7.7208,1,2,0,1,4,1,8
1151,,0,0,14.5,0,2,1,2,4,5,8
1152,,0,0,14.5,0,2,0,2,4,5,8
1153,50.0,1,0,14.5,0,2,1,2,0,5,8
1154,47.0,1,0,14.5,0,2,0,2,0,5,8
1155,,0,0,8.05,0,2,1,2,4,0,8
1156,,0,0,7.775,0,2,1,2,4,1,8
1157,2.0,1,1,20.2125,0,2,0,2,7,5,8
1158,18.0,1,1,20.2125,0,2,1,2,6,5,8
1159,41.0,0,2,20.2125,0,2,0,2,0,5,8
1160,,0,0,8.05,1,2,0,2,4,0,8
1161,50.0,0,0,8.05,0,2,1,2,0,0,8
1162,16.0,0,0,8.05,0,2,1,2,6,0,8
1163,,0,0,7.75,1,2,1,1,4,1,8
1164,,0,0,24.15,0,2,1,1,4,4,8
1165,,0,0,7.2292,0,2,1,0,4,1,8
1166,25.0,0,0,7.225,0,2,1,0,8,1,8
1167,,0,0,7.225,0,2,1,0,4,1,8
1168,,0,0,7.7292,0,2,1,1,4,1,8
1169,,0,0,7.575,0,2,1,2,4,1,8
1170,38.5,0,0,7.25,0,2,1,2,0,1,8
1171,,8,2,69.55,0,2,1,2,4,2,8
1172,14.5,8,2,69.55,0,2,1,2,6,2,8
1173,,8,2,69.55,0,2,0,2,4,2,8
1174,,8,2,69.55,0,2,0,2,4,2,8
1175,,8,2,69.55,0,2,0,2,4,2,8
1176,,8,2,69.55,0,2,0,2,4,2,8
1177,,8,2,69.55,0,2,1,2,4,2,8
1178,,8,2,69.55,0,2,1,2,4,2,8
1179,,8,2,69.55,0,2,1,2,4,2,8
1180,,1,9,69.55,0,2,1,2,4,2,8
1181,,1,9,69.55,0,2,0,2,4,2,8
1182,24.0,0,0,9.325,0,2,1,2,8,0,8
1183,21.0,0,0,7.65,1,2,0,2,8,1,8
1184,39.0,0,0,7.925,0,2,1,2,0,1,8
1185,,2,0,21.6792,0,2,1,0,4,5,8
1186,,2,0,21.6792,0,2,1,0,4,5,8
1187,,2,0,21.6792,0,2,1,0,4,5,8
1188,1.0,1,1,16.7,1,2,0,2,2,5,6
1189,24.0,0,2,16.7,1,2,0,2,8,5,6
1190,4.0,1,1,16.7,1,2,0,2,7,5,6
1191,25.0,0,0,9.5,1,2,1,2,8,0,8
1192,20.0,0,0,8.05,0,2,1,2,8,0,8
1193,24.5,0,0,8.05,0,2,1,2,8,0,8
1194,,0,0,7.725,0,2,1,1,4,1,8
1195,,0,0,7.8958,0,2,1,2,4,1,8
1196,,0,0,7.75,0,2,1,1,4,1,8
1197,29.0,0,0,9.5,1,2,1,2,8,0,8
1198,,0,0,15.1,0,2,1,2,4,5,8
1199,,0,0,7.7792,1,2,0,1,4,1,8
1200,,0,0,8.05,0,2,1,2,4,0,8
1201,,0,0,8.05,0,2,1,2,4,0,8
1202,22.0,0,0,7.2292,0,2,1,0,8,1,8
1203,,0,0,8.05,0,2,1,2,4,0,8
1204,40.0,0,0,7.8958,0,2,1,2,0,1,8
1205,21.0,0,0,7.925,0,2,1,2,8,1,8
1206,18.0,0,0,7.4958,1,2,0,2,6,1,8
1207,4.0,3,2,27.9,0,2,1,2,7,4,8
1208,10.0,3,2,27.9,0,2,1,2,1,4,8
1209,9.0,3,2,27.9,0,2,0,2,1,4,8
1210,2.0,3,2,27.9,0,2,0,2,7,4,8
1211,40.0,1,4,27.9,0,2,1,2,0,4,8
1212,45.0,1,4,27.9,0,2,0,2,0,4,8
1213,,0,0,7.8958,0,2,1,2,4,1,8
1214,,0,0,8.05,0,2,1,2,4,0,8
1215,,0,0,8.6625,0,2,1,2,4,0,8
1216,,0,0,7.75,0,2,1,1,4,1,8
1217,,0,0,7.7333,1,2,0,1,4,1,8
1218,19.0,0,0,7.65,0,2,1,2,8,1,5
1219,30.0,0,0,8.05,0,2,1,2,8,0,8
1220,,0,0,8.05,0,2,1,2,4,0,8
1221,32.0,0,0,8.05,0,2,1,2,0,0,8
1222,,0,0,7.8958,0,2,1,2,4,1,8
1223,33.0,0,0,8.6625,0,2,1,0,0,0,8
1224,23.0,0,0,7.55,1,2,0,2,8,1,8
1225,21.0,0,0,8.05,0,2,1,2,8,0,8
1226,60.5,0,0,,0,2,1,2,3,3,8
1227,19.0,0,0,7.8958,0,2,1,2,8,1,8
1228,22.0,0,0,9.8375,0,2,0,2,8,0,8
1229,31.0,0,0,7.925,1,2,1,2,0,1,8
1230,27.0,0,0,8.6625,0,2,1,2,8,0,8
1231,2.0,0,1,10.4625,0,2,0,2,7,0,6
1232,29.0,1,1,10.4625,0,2,0,2,8,0,6
1233,16.0,0,0,8.05,1,2,1,2,6,0,8
1234,44.0,0,0,7.925,1,2,1,2,0,1,8
1235,25.0,0,0,7.05,0,2,1,2,8,1,8
1236,74.0,0,0,7.775,0,2,1,2,5,1,8
1237,14.0,0,0,9.225,1,2,1,2,6,0,8
1238,24.0,0,0,7.7958,0,2,1,2,8,1,8
1239,25.0,0,0,7.7958,1,2,1,2,8,1,8
1240,34.0,0,0,8.05,0,2,1,2,0,0,8
1241,0.4167,0,1,8.5167,1,2,1,0,2,0,8
1242,,1,0,6.4375,0,2,1,0,4,1,8
1243,,0,0,6.4375,0,2,1,0,4,1,8
1244,,0,0,7.225,0,2,1,0,4,1,8
1245,16.0,1,1,8.5167,1,2,0,0,6,0,8
1246,,0,0,8.05,0,2,1,2,4,0,8
1247,,1,0,16.1,0,2,1,2,4,5,8
1248,,1,0,16.1,1,2,0,2,4,5,8
1249,32.0,0,0,7.925,0,2,1,2,0,1,8
1250,,0,0,7.75,0,2,1,1,4,1,5
1251,,0,0,7.8958,0,2,1,2,4,1,8
1252,30.5,0,0,8.05,0,2,1,2,0,0,8
1253,44.0,0,0,8.05,0,2,1,2,0,0,8
1254,,0,0,7.2292,0,2,1,0,4,1,8
1255,25.0,0,0,0.0,1,2,1,2,8,1,8
1256,,0,0,7.2292,0,2,1,0,4,1,8
1257,7.0,1,1,15.2458,1,2,1,0,1,5,8
1258,9.0,1,1,15.2458,1,2,0,0,1,5,8
1259,29.0,0,2,15.2458,1,2,0,0,8,5,8
1260,36.0,0,0,7.8958,0,2,1,2,0,1,8
1261,18.0,0,0,9.8417,1,2,0,2,6,0,8
1262,63.0,0,0,9.5875,1,2,0,2,3,0,8
1263,,1,1,14.5,0,2,1,2,4,5,8
1264,11.5,1,1,14.5,0,2,1,2,1,5,8
1265,40.5,0,2,14.5,0,2,1,2,0,5,8
1266,10.0,0,2,24.15,0,2,0,2,1,4,8
1267,36.0,1,1,24.15,0,2,1,2,0,4,8
1268,30.0,1,1,24.15,0,2,0,2,8,4,8
1269,,0,0,9.5,0,2,1,2,4,0,8
1270,33.0,0,0,9.5,0,2,1,2,0,0,8
1271,28.0,0,0,9.5,0,2,1,2,8,0,8
1272,28.0,0,0,9.5,0,2,1,2,8,0,8
1273,47.0,0,0,9.0,0,2,1,2,0,0,8
1274,18.0,2,0,18.0,0,2,0,2,6,5,8
1275,31.0,3,0,18.0,0,2,1,2,0,5,8
1276,16.0,2,0,18.0,0,2,1,2,6,5,8
1277,31.0,1,0,18.0,0,2,0,2,0,5,8
1278,22.0,0,0,7.225,1,2,1,0,8,1,8
1279,20.0,0,0,7.8542,0,2,1,2,8,1,8
1280,14.0,0,0,7.8542,0,2,0,2,6,1,8
1281,22.0,0,0,7.8958,0,2,1,2,8,1,8
1282,22.0,0,0,9.0,0,2,1,2,8,0,8
1283,,0,0,8.05,0,2,1,2,4,0,8
1284,,0,0,7.55,0,2,1,2,4,1,8
1285,,0,0,8.05,0,2,1,2,4,0,8
1286,32.5,0,0,9.5,0,2,1,2,0,0,8
1287,38.0,0,0,7.2292,1,2,0,0,0,1,8
1288,51.0,0,0,7.75,0,2,1,2,3,1,8
1289,18.0,1,0,6.4958,0,2,1,2,6,1,8
1290,21.0,1,0,6.4958,0,2,1,2,8,1,8
1291,47.0,1,0,7.0,1,2,0,2,0,1,8
1292,,0,0,8.7125,0,2,1,2,4,0,8
1293,,0,0,7.55,0,2,1,2,4,1,8
1294,,0,0,8.05,0,2,1,2,4,0,8
1295,28.5,0,0,16.1,0,2,1,2,8,5,8
1296,21.0,0,0,7.25,0,2,1,2,8,1,8
1297,27.0,0,0,8.6625,0,2,1,2,8,0,8
1298,,0,0,7.25,0,2,1,2,4,1,8
1299,36.0,0,0,9.5,0,2,1,2,0,0,8
1300,27.0,1,0,14.4542,0,2,1,0,8,5,8
1301,15.0,1,0,14.4542,1,2,0,0,6,5,8
1302,45.5,0,0,7.225,0,2,1,0,0,1,8
1303,,0,0,7.225,0,2,1,0,4,1,8
1304,,0,0,14.4583,0,2,1,0,4,5,8
1305,14.5,1,0,14.4542,0,2,0,0,6,5,8
1306,,1,0,14.4542,0,2,0,0,4,5,8
1307,26.5,0,0,7.225,0,2,1,0,8,1,8
1308,27.0,0,0,7.225,0,2,1,0,8,1,8
1309,29.0,0,0,7.875,0,2,1,2,8,1,8
